setting,source_model,target_model,model_family,fold0_weight_path,fold1_weight_path,fold2_weight_path,missing_folds,fold0_status,fold1_status,fold2_status,fold0_source,fold1_source,fold2_source
CamCan_PING_to_HCP,CamCan_PING,HCP,MASAM3D,$DATA_PATH/TractSeg/hcp_exp/CamCan_Ping_experiment_MASAM3D/best_weights_ep14.npz,$DATA_PATH/TractSeg/hcp_exp/CamCan_Ping_experiment_MASAM3D_x1/best_weights_ep23.npz,$DATA_PATH/TractSeg/hcp_exp/CamCan_Ping_experiment_MASAM3D_x2/best_weights_ep12.npz,-,commented,commented,active,TractSeg/scripts/cortex/inference/run_main_wholehcp_all_models_inference_from_CamCan_PING.pbs:45,TractSeg/scripts/cortex/inference/run_main_wholehcp_all_models_inference_from_CamCan_PING.pbs:47,TractSeg/scripts/cortex/inference/run_main_wholehcp_all_models_inference_from_CamCan_PING.pbs:49
CamCan_PING_to_HCP,CamCan_PING,HCP,TractSeg,$DATA_PATH/TractSeg/hcp_exp/CamCan_Ping_experiment_TractSeg_x8/best_weights_ep98.npz,$DATA_PATH/TractSeg/hcp_exp/CamCan_Ping_experiment_TractSeg_x9/best_weights_ep95.npz,$DATA_PATH/TractSeg/hcp_exp/CamCan_Ping_experiment_TractSeg_x10/best_weights_ep90.npz,-,commented,commented,commented,TractSeg/scripts/cortex/inference/run_main_wholehcp_all_models_inference_from_CamCan_PING.pbs:12,TractSeg/scripts/cortex/inference/run_main_wholehcp_all_models_inference_from_CamCan_PING.pbs:14,TractSeg/scripts/cortex/inference/run_main_wholehcp_all_models_inference_from_CamCan_PING.pbs:16
CamCan_PING_to_HCP,CamCan_PING,HCP,TractSeg3D,$DATA_PATH/TractSeg/hcp_exp/CamCan_Ping_experiment_TractSeg3D_x3/best_weights_ep63.npz,$DATA_PATH/TractSeg/hcp_exp/CamCan_Ping_experiment_TractSeg3D_x6/best_weights_ep33.npz,$DATA_PATH/TractSeg/hcp_exp/CamCan_Ping_experiment_TractSeg3D_x7/best_weights_ep34.npz,-,commented,commented,commented,TractSeg/scripts/cortex/inference/run_main_wholehcp_all_models_inference_from_CamCan_PING.pbs:21,TractSeg/scripts/cortex/inference/run_main_wholehcp_all_models_inference_from_CamCan_PING.pbs:23,TractSeg/scripts/cortex/inference/run_main_wholehcp_all_models_inference_from_CamCan_PING.pbs:25
CamCan_PING_to_HCP,CamCan_PING,HCP,mednext3D,$DATA_PATH/TractSeg/hcp_exp/CamCan_Ping_experiment_mednext3D_x3/best_weights_ep7.npz,$DATA_PATH/TractSeg/hcp_exp/CamCan_Ping_experiment_mednext3D_x4/best_weights_ep21.npz,$DATA_PATH/TractSeg/hcp_exp/CamCan_Ping_experiment_mednext3D_x5/best_weights_ep11.npz,-,commented,commented,commented,TractSeg/scripts/cortex/inference/run_main_wholehcp_all_models_inference_from_CamCan_PING.pbs:53,TractSeg/scripts/cortex/inference/run_main_wholehcp_all_models_inference_from_CamCan_PING.pbs:55,TractSeg/scripts/cortex/inference/run_main_wholehcp_all_models_inference_from_CamCan_PING.pbs:57
CamCan_PING_to_HCP,CamCan_PING,HCP,swinunetr,$DATA_PATH/TractSeg/hcp_exp/CamCan_Ping_experiment_swinunetr_x7/best_weights_ep64.npz,$DATA_PATH/TractSeg/hcp_exp/CamCan_Ping_experiment_swinunetr_x8/best_weights_ep58.npz,$DATA_PATH/TractSeg/hcp_exp/CamCan_Ping_experiment_swinunetr_x9/best_weights_ep55.npz,-,commented,commented,commented,TractSeg/scripts/cortex/inference/run_main_wholehcp_all_models_inference_from_CamCan_PING.pbs:29,TractSeg/scripts/cortex/inference/run_main_wholehcp_all_models_inference_from_CamCan_PING.pbs:31,TractSeg/scripts/cortex/inference/run_main_wholehcp_all_models_inference_from_CamCan_PING.pbs:33
CamCan_PING_to_HCP,CamCan_PING,HCP,swinunetr3D,$DATA_PATH/TractSeg/hcp_exp/CamCan_Ping_experiment_swinunetr3D_x5/best_weights_ep19.npz,$DATA_PATH/TractSeg/hcp_exp/CamCan_Ping_experiment_swinunetr3D_x6/best_weights_ep11.npz,$DATA_PATH/TractSeg/hcp_exp/CamCan_Ping_experiment_swinunetr3D_x7/best_weights_ep9.npz,-,commented,commented,commented,TractSeg/scripts/cortex/inference/run_main_wholehcp_all_models_inference_from_CamCan_PING.pbs:37,TractSeg/scripts/cortex/inference/run_main_wholehcp_all_models_inference_from_CamCan_PING.pbs:39,TractSeg/scripts/cortex/inference/run_main_wholehcp_all_models_inference_from_CamCan_PING.pbs:41
CamCan_to_CamCan,CamCan,CamCan,MASAM3D,$DATA_PATH/TractSeg/hcp_exp/CamCan_experiment_MASAM3D/best_weights_ep45.npz,$DATA_PATH/TractSeg/hcp_exp/CamCan_experiment_MASAM3D_x1/best_weights_ep36.npz,$DATA_PATH/TractSeg/hcp_exp/CamCan_experiment_MASAM3D_x2/best_weights_ep50.npz,-,commented || active,commented,commented,TractSeg/scripts/cortex/inference/run_main_CamCan_all_models_inference.pbs:188 || TractSeg/scripts/cortex/inference/run_main_CamCan_all_models_inference_probs.pbs:188,TractSeg/scripts/cortex/inference/run_main_CamCan_all_models_inference.pbs:190 || TractSeg/scripts/cortex/inference/run_main_CamCan_all_models_inference_probs.pbs:190,TractSeg/scripts/cortex/inference/run_main_CamCan_all_models_inference.pbs:192 || TractSeg/scripts/cortex/inference/run_main_CamCan_all_models_inference_probs.pbs:192
CamCan_to_CamCan,CamCan,CamCan,TractSeg,$DATA_PATH/TractSeg/hcp_exp/CamCan_experiment_TractSeg_x1/best_weights_ep224.npz,$DATA_PATH/TractSeg/hcp_exp/CamCan_experiment_TractSeg_x4/best_weights_ep45.npz,$DATA_PATH/TractSeg/hcp_exp/CamCan_experiment_TractSeg_x5/best_weights_ep107.npz,-,commented,commented,commented,TractSeg/scripts/cortex/inference/run_main_CamCan_all_models_inference.pbs:14 || TractSeg/scripts/cortex/inference/run_main_CamCan_all_models_inference_probs.pbs:15,TractSeg/scripts/cortex/inference/run_main_CamCan_all_models_inference.pbs:16 || TractSeg/scripts/cortex/inference/run_main_CamCan_all_models_inference_probs.pbs:17,TractSeg/scripts/cortex/inference/run_main_CamCan_all_models_inference.pbs:18 || TractSeg/scripts/cortex/inference/run_main_CamCan_all_models_inference_probs.pbs:19
CamCan_to_CamCan,CamCan,CamCan,TractSeg3D,$DATA_PATH/TractSeg/hcp_exp/CamCan_experiment_TractSeg3D_x1/best_weights_ep58.npz,$DATA_PATH/TractSeg/hcp_exp/CamCan_experiment_TractSeg3D_x6/best_weights_ep16.npz,$DATA_PATH/TractSeg/hcp_exp/CamCan_experiment_TractSeg3D_x6/best_weights_ep16.npz,-,commented || active,commented,commented,TractSeg/scripts/cortex/inference/run_main_CamCan_all_models_inference.pbs:58 || TractSeg/scripts/cortex/inference/run_main_CamCan_all_models_inference_probs.pbs:59,TractSeg/scripts/cortex/inference/run_main_CamCan_all_models_inference.pbs:60 || TractSeg/scripts/cortex/inference/run_main_CamCan_all_models_inference_probs.pbs:61,TractSeg/scripts/cortex/inference/run_main_CamCan_all_models_inference.pbs:63 || TractSeg/scripts/cortex/inference/run_main_CamCan_all_models_inference_probs.pbs:64
CamCan_to_CamCan,CamCan,CamCan,mednext3D,$DATA_PATH/TractSeg/hcp_exp/CamCan_experiment_mednext3D/best_weights_ep26.npz,$DATA_PATH/TractSeg/hcp_exp/CamCan_experiment_mednext3D_x5/best_weights_ep26.npz,$DATA_PATH/TractSeg/hcp_exp/CamCan_experiment_mednext3D_x4/best_weights_ep30.npz,-,commented || active,commented,commented,TractSeg/scripts/cortex/inference/run_main_CamCan_all_models_inference.pbs:229 || TractSeg/scripts/cortex/inference/run_main_CamCan_all_models_inference_probs.pbs:229,TractSeg/scripts/cortex/inference/run_main_CamCan_all_models_inference.pbs:231 || TractSeg/scripts/cortex/inference/run_main_CamCan_all_models_inference_probs.pbs:231,TractSeg/scripts/cortex/inference/run_main_CamCan_all_models_inference.pbs:233 || TractSeg/scripts/cortex/inference/run_main_CamCan_all_models_inference_probs.pbs:233
CamCan_to_CamCan,CamCan,CamCan,swinunetr,$DATA_PATH/TractSeg/hcp_exp/run_with_CamCan_swinunetr_x2/best_weights_ep205.npz,$DATA_PATH/TractSeg/hcp_exp/run_with_CamCan_swinunetr_x5/best_weights_ep68.npz,$DATA_PATH/TractSeg/hcp_exp/run_with_CamCan_swinunetr_x6/best_weights_ep65.npz,-,commented || active,commented,commented,TractSeg/scripts/cortex/inference/run_main_CamCan_all_models_inference.pbs:104 || TractSeg/scripts/cortex/inference/run_main_CamCan_all_models_inference_probs.pbs:101,TractSeg/scripts/cortex/inference/run_main_CamCan_all_models_inference.pbs:100 || TractSeg/scripts/cortex/inference/run_main_CamCan_all_models_inference_probs.pbs:103,TractSeg/scripts/cortex/inference/run_main_CamCan_all_models_inference.pbs:102 || TractSeg/scripts/cortex/inference/run_main_CamCan_all_models_inference_probs.pbs:105
CamCan_to_CamCan,CamCan,CamCan,swinunetr3D,$DATA_PATH/TractSeg/hcp_exp/run_with_CamCan_swinunetr3D_x2/best_weights_ep20.npz,$DATA_PATH/TractSeg/hcp_exp/run_with_CamCan_swinunetr3D_x6/best_weights_ep13.npz,$DATA_PATH/TractSeg/hcp_exp/run_with_CamCan_swinunetr3D_x6/best_weights_ep13.npz,-,commented || active,commented,commented,TractSeg/scripts/cortex/inference/run_main_CamCan_all_models_inference.pbs:144 || TractSeg/scripts/cortex/inference/run_main_CamCan_all_models_inference_probs.pbs:144,TractSeg/scripts/cortex/inference/run_main_CamCan_all_models_inference.pbs:146 || TractSeg/scripts/cortex/inference/run_main_CamCan_all_models_inference_probs.pbs:146,TractSeg/scripts/cortex/inference/run_main_CamCan_all_models_inference.pbs:149 || TractSeg/scripts/cortex/inference/run_main_CamCan_all_models_inference_probs.pbs:149
CamCan_to_HCP,CamCan,HCP,MASAM3D,$DATA_PATH/TractSeg/hcp_exp/CamCan_experiment_MASAM3D/best_weights_ep45.npz,$DATA_PATH/TractSeg/hcp_exp/CamCan_experiment_MASAM3D_x1/best_weights_ep36.npz,$DATA_PATH/TractSeg/hcp_exp/CamCan_experiment_MASAM3D_x2/best_weights_ep50.npz,-,commented,commented,commented,TractSeg/scripts/cortex/inference/run_main_wholehcp_all_models_inference.pbs:207,TractSeg/scripts/cortex/inference/run_main_wholehcp_all_models_inference.pbs:209,TractSeg/scripts/cortex/inference/run_main_wholehcp_all_models_inference.pbs:212
CamCan_to_HCP,CamCan,HCP,TractSeg,$DATA_PATH/TractSeg/hcp_exp/CamCan_experiment_TractSeg_x1/best_weights_ep224.npz,$DATA_PATH/TractSeg/hcp_exp/CamCan_experiment_TractSeg_x4/best_weights_ep45.npz,$DATA_PATH/TractSeg/hcp_exp/CamCan_experiment_TractSeg_x5/best_weights_ep107.npz,-,commented,commented,commented,TractSeg/scripts/cortex/inference/run_main_wholehcp_all_models_inference.pbs:168,TractSeg/scripts/cortex/inference/run_main_wholehcp_all_models_inference.pbs:170,TractSeg/scripts/cortex/inference/run_main_wholehcp_all_models_inference.pbs:172
CamCan_to_HCP,CamCan,HCP,TractSeg3D,$DATA_PATH/TractSeg/hcp_exp/CamCan_experiment_TractSeg3D_x1/best_weights_ep58.npz,$DATA_PATH/TractSeg/hcp_exp/CamCan_experiment_TractSeg3D_x6/best_weights_ep16.npz,$DATA_PATH/TractSeg/hcp_exp/CamCan_experiment_TractSeg3D_x6/best_weights_ep16.npz,-,commented,commented,commented,TractSeg/scripts/cortex/inference/run_main_wholehcp_all_models_inference.pbs:176,TractSeg/scripts/cortex/inference/run_main_wholehcp_all_models_inference.pbs:179,TractSeg/scripts/cortex/inference/run_main_wholehcp_all_models_inference.pbs:183
CamCan_to_HCP,CamCan,HCP,mednext3D,$DATA_PATH/TractSeg/hcp_exp/CamCan_experiment_mednext3D/best_weights_ep26.npz,$DATA_PATH/TractSeg/hcp_exp/CamCan_experiment_mednext3D_x5/best_weights_ep26.npz,$DATA_PATH/TractSeg/hcp_exp/CamCan_experiment_mednext3D_x4/best_weights_ep30.npz,-,commented,commented,commented,TractSeg/scripts/cortex/inference/run_main_wholehcp_all_models_inference.pbs:217,TractSeg/scripts/cortex/inference/run_main_wholehcp_all_models_inference.pbs:220,TractSeg/scripts/cortex/inference/run_main_wholehcp_all_models_inference.pbs:223
CamCan_to_HCP,CamCan,HCP,swinunetr,$DATA_PATH/TractSeg/hcp_exp/run_with_CamCan_swinunetr_x2/best_weights_ep205.npz,$DATA_PATH/TractSeg/hcp_exp/run_with_CamCan_swinunetr_x5/best_weights_ep68.npz,$DATA_PATH/TractSeg/hcp_exp/run_with_CamCan_swinunetr_x6/best_weights_ep65.npz,-,commented,commented,commented,TractSeg/scripts/cortex/inference/run_main_wholehcp_all_models_inference.pbs:188,TractSeg/scripts/cortex/inference/run_main_wholehcp_all_models_inference.pbs:191,TractSeg/scripts/cortex/inference/run_main_wholehcp_all_models_inference.pbs:194
CamCan_to_HCP,CamCan,HCP,swinunetr3D,$DATA_PATH/TractSeg/hcp_exp/run_with_CamCan_swinunetr3D_x2/best_weights_ep20.npz,$DATA_PATH/TractSeg/hcp_exp/run_with_CamCan_swinunetr3D_x6/best_weights_ep13.npz,$DATA_PATH/TractSeg/hcp_exp/run_with_CamCan_swinunetr3D_x6/best_weights_ep13.npz,-,commented,commented,commented,TractSeg/scripts/cortex/inference/run_main_wholehcp_all_models_inference.pbs:198,TractSeg/scripts/cortex/inference/run_main_wholehcp_all_models_inference.pbs:200,TractSeg/scripts/cortex/inference/run_main_wholehcp_all_models_inference.pbs:202
CamCan_to_PING,CamCan,PING,MASAM3D,$DATA_PATH/TractSeg/hcp_exp/CamCan_experiment_MASAM3D/best_weights_ep45.npz,$DATA_PATH/TractSeg/hcp_exp/CamCan_experiment_MASAM3D_x1/best_weights_ep36.npz,$DATA_PATH/TractSeg/hcp_exp/CamCan_experiment_MASAM3D_x2/best_weights_ep50.npz,-,commented,commented,commented,TractSeg/scripts/cortex/inference/run_main_Ping_all_models_inference.pbs:213 || TractSeg/scripts/cortex/inference/run_main_Ping_all_models_inference_peak_orig.pbs:213,TractSeg/scripts/cortex/inference/run_main_Ping_all_models_inference.pbs:215 || TractSeg/scripts/cortex/inference/run_main_Ping_all_models_inference_peak_orig.pbs:215,TractSeg/scripts/cortex/inference/run_main_Ping_all_models_inference.pbs:218 || TractSeg/scripts/cortex/inference/run_main_Ping_all_models_inference_peak_orig.pbs:218
CamCan_to_PING,CamCan,PING,TractSeg,$DATA_PATH/TractSeg/hcp_exp/CamCan_experiment_TractSeg_x1/best_weights_ep224.npz,$DATA_PATH/TractSeg/hcp_exp/CamCan_experiment_TractSeg_x4/best_weights_ep45.npz,$DATA_PATH/TractSeg/hcp_exp/CamCan_experiment_TractSeg_x5/best_weights_ep107.npz,-,commented,commented,commented,TractSeg/scripts/cortex/inference/run_main_Ping_all_models_inference.pbs:178 || TractSeg/scripts/cortex/inference/run_main_Ping_all_models_inference_peak_orig.pbs:178,TractSeg/scripts/cortex/inference/run_main_Ping_all_models_inference.pbs:180 || TractSeg/scripts/cortex/inference/run_main_Ping_all_models_inference_peak_orig.pbs:180,TractSeg/scripts/cortex/inference/run_main_Ping_all_models_inference.pbs:182 || TractSeg/scripts/cortex/inference/run_main_Ping_all_models_inference_peak_orig.pbs:182
CamCan_to_PING,CamCan,PING,TractSeg3D,$DATA_PATH/TractSeg/hcp_exp/CamCan_experiment_TractSeg3D_x1/best_weights_ep58.npz,$DATA_PATH/TractSeg/hcp_exp/CamCan_experiment_TractSeg3D_x6/best_weights_ep16.npz,$DATA_PATH/TractSeg/hcp_exp/CamCan_experiment_TractSeg3D_x6/best_weights_ep16.npz,-,commented,commented,commented,TractSeg/scripts/cortex/inference/run_main_Ping_all_models_inference.pbs:186 || TractSeg/scripts/cortex/inference/run_main_Ping_all_models_inference_peak_orig.pbs:186,TractSeg/scripts/cortex/inference/run_main_Ping_all_models_inference.pbs:188 || TractSeg/scripts/cortex/inference/run_main_Ping_all_models_inference_peak_orig.pbs:188,TractSeg/scripts/cortex/inference/run_main_Ping_all_models_inference.pbs:191 || TractSeg/scripts/cortex/inference/run_main_Ping_all_models_inference_peak_orig.pbs:191
CamCan_to_PING,CamCan,PING,mednext3D,$DATA_PATH/TractSeg/hcp_exp/CamCan_experiment_mednext3D/best_weights_ep26.npz,$DATA_PATH/TractSeg/hcp_exp/CamCan_experiment_mednext3D_x5/best_weights_ep26.npz,$DATA_PATH/TractSeg/hcp_exp/CamCan_experiment_mednext3D_x4/best_weights_ep30.npz,-,commented,commented,commented,TractSeg/scripts/cortex/inference/run_main_Ping_all_models_inference.pbs:223 || TractSeg/scripts/cortex/inference/run_main_Ping_all_models_inference_peak_orig.pbs:223,TractSeg/scripts/cortex/inference/run_main_Ping_all_models_inference.pbs:226 || TractSeg/scripts/cortex/inference/run_main_Ping_all_models_inference_peak_orig.pbs:226,TractSeg/scripts/cortex/inference/run_main_Ping_all_models_inference.pbs:229 || TractSeg/scripts/cortex/inference/run_main_Ping_all_models_inference_peak_orig.pbs:229
CamCan_to_PING,CamCan,PING,swinunetr,$DATA_PATH/TractSeg/hcp_exp/run_with_CamCan_swinunetr_x2/best_weights_ep205.npz,$DATA_PATH/TractSeg/hcp_exp/run_with_CamCan_swinunetr_x5/best_weights_ep68.npz,$DATA_PATH/TractSeg/hcp_exp/run_with_CamCan_swinunetr_x6/best_weights_ep65.npz,-,commented,commented,commented,TractSeg/scripts/cortex/inference/run_main_Ping_all_models_inference.pbs:196 || TractSeg/scripts/cortex/inference/run_main_Ping_all_models_inference_peak_orig.pbs:196,TractSeg/scripts/cortex/inference/run_main_Ping_all_models_inference.pbs:199 || TractSeg/scripts/cortex/inference/run_main_Ping_all_models_inference_peak_orig.pbs:199,TractSeg/scripts/cortex/inference/run_main_Ping_all_models_inference.pbs:202 || TractSeg/scripts/cortex/inference/run_main_Ping_all_models_inference_peak_orig.pbs:202
CamCan_to_PING,CamCan,PING,swinunetr3D,$DATA_PATH/TractSeg/hcp_exp/run_with_CamCan_swinunetr3D_x2/best_weights_ep20.npz,$DATA_PATH/TractSeg/hcp_exp/run_with_CamCan_swinunetr3D_x6/best_weights_ep13.npz,MISSING,2,commented,commented,-,TractSeg/scripts/cortex/inference/run_main_Ping_all_models_inference.pbs:206 || TractSeg/scripts/cortex/inference/run_main_Ping_all_models_inference_peak_orig.pbs:206,TractSeg/scripts/cortex/inference/run_main_Ping_all_models_inference.pbs:208 || TractSeg/scripts/cortex/inference/run_main_Ping_all_models_inference_peak_orig.pbs:208,-
HCP_CamCan_PING_to_CamCan,HCP_CamCan_PING,CamCan,MASAM3D,$DATA_PATH/TractSeg/hcp_exp/HCP_CamCan_Ping_experiment_MASAM3D_x8/best_weights_ep29.npz,$DATA_PATH/TractSeg/hcp_exp/HCP_CamCan_Ping_experiment_MASAM3D_x9/best_weights_ep25.npz,$DATA_PATH/TractSeg/hcp_exp/HCP_CamCan_Ping_experiment_MASAM3D_x10/best_weights_ep20.npz,-,commented,commented,commented,TractSeg/scripts/cortex/inference/run_main_CamCan_all_models_inference.pbs:197 || TractSeg/scripts/cortex/inference/run_main_CamCan_all_models_inference_probs.pbs:197,TractSeg/scripts/cortex/inference/run_main_CamCan_all_models_inference.pbs:199 || TractSeg/scripts/cortex/inference/run_main_CamCan_all_models_inference_probs.pbs:199,TractSeg/scripts/cortex/inference/run_main_CamCan_all_models_inference.pbs:201 || TractSeg/scripts/cortex/inference/run_main_CamCan_all_models_inference_probs.pbs:201
HCP_CamCan_PING_to_CamCan,HCP_CamCan_PING,CamCan,TractSeg,$DATA_PATH/TractSeg/hcp_exp/HCP_CamCan_Ping_experiment_TractSeg_x2/best_weights_ep22.npz,$DATA_PATH/TractSeg/hcp_exp/HCP_CamCan_Ping_experiment_TractSeg_x3/best_weights_ep25.npz,$DATA_PATH/TractSeg/hcp_exp/HCP_CamCan_Ping_experiment_TractSeg_x4/best_weights_ep26.npz,-,commented,commented,commented,TractSeg/scripts/cortex/inference/run_main_CamCan_all_models_inference.pbs:22 || TractSeg/scripts/cortex/inference/run_main_CamCan_all_models_inference_probs.pbs:23,TractSeg/scripts/cortex/inference/run_main_CamCan_all_models_inference.pbs:25 || TractSeg/scripts/cortex/inference/run_main_CamCan_all_models_inference_probs.pbs:26,TractSeg/scripts/cortex/inference/run_main_CamCan_all_models_inference.pbs:27 || TractSeg/scripts/cortex/inference/run_main_CamCan_all_models_inference_probs.pbs:28
HCP_CamCan_PING_to_CamCan,HCP_CamCan_PING,CamCan,TractSeg3D,$DATA_PATH/TractSeg/hcp_exp/HCP_CamCan_Ping_experiment_TractSeg3D_x3/best_weights_ep7.npz,$DATA_PATH/TractSeg/hcp_exp/HCP_CamCan_Ping_experiment_TractSeg3D_x4/best_weights_ep8.npz,$DATA_PATH/TractSeg/hcp_exp/HCP_CamCan_Ping_experiment_TractSeg3D_x5/best_weights_ep7.npz,-,commented,commented,commented,TractSeg/scripts/cortex/inference/run_main_CamCan_all_models_inference.pbs:67 || TractSeg/scripts/cortex/inference/run_main_CamCan_all_models_inference_probs.pbs:68,TractSeg/scripts/cortex/inference/run_main_CamCan_all_models_inference.pbs:69 || TractSeg/scripts/cortex/inference/run_main_CamCan_all_models_inference_probs.pbs:70,TractSeg/scripts/cortex/inference/run_main_CamCan_all_models_inference.pbs:71 || TractSeg/scripts/cortex/inference/run_main_CamCan_all_models_inference_probs.pbs:72
HCP_CamCan_PING_to_CamCan,HCP_CamCan_PING,CamCan,mednext3D,$DATA_PATH/TractSeg/hcp_exp/HCP_CamCan_Ping_experiment_mednext3D/best_weights_ep18.npz,$DATA_PATH/TractSeg/hcp_exp/HCP_CamCan_Ping_experiment_mednext3D_x1/best_weights_ep16.npz,$DATA_PATH/TractSeg/hcp_exp/HCP_CamCan_Ping_experiment_mednext3D_x2/best_weights_ep14.npz,-,commented,commented,commented,TractSeg/scripts/cortex/inference/run_main_CamCan_all_models_inference.pbs:237 || TractSeg/scripts/cortex/inference/run_main_CamCan_all_models_inference_probs.pbs:237,TractSeg/scripts/cortex/inference/run_main_CamCan_all_models_inference.pbs:239 || TractSeg/scripts/cortex/inference/run_main_CamCan_all_models_inference_probs.pbs:239,TractSeg/scripts/cortex/inference/run_main_CamCan_all_models_inference.pbs:241 || TractSeg/scripts/cortex/inference/run_main_CamCan_all_models_inference_probs.pbs:241
HCP_CamCan_PING_to_CamCan,HCP_CamCan_PING,CamCan,swinunetr,$DATA_PATH/TractSeg/hcp_exp/HCP_CamCan_Ping_experiment_swinunetr_x4/best_weights_ep27.npz,$DATA_PATH/TractSeg/hcp_exp/HCP_CamCan_Ping_experiment_swinunetr_x5/best_weights_ep25.npz,$DATA_PATH/TractSeg/hcp_exp/HCP_CamCan_Ping_experiment_swinunetr_x6/best_weights_ep33.npz,-,commented,commented,commented,TractSeg/scripts/cortex/inference/run_main_CamCan_all_models_inference.pbs:109 || TractSeg/scripts/cortex/inference/run_main_CamCan_all_models_inference_probs.pbs:109,TractSeg/scripts/cortex/inference/run_main_CamCan_all_models_inference.pbs:111 || TractSeg/scripts/cortex/inference/run_main_CamCan_all_models_inference_probs.pbs:111,TractSeg/scripts/cortex/inference/run_main_CamCan_all_models_inference.pbs:113 || TractSeg/scripts/cortex/inference/run_main_CamCan_all_models_inference_probs.pbs:113
HCP_CamCan_PING_to_CamCan,HCP_CamCan_PING,CamCan,swinunetr3D,$DATA_PATH/TractSeg/hcp_exp/HCP_CamCan_Ping_experiment_swinunetr3D_x2/best_weights_ep7.npz,$DATA_PATH/TractSeg/hcp_exp/HCP_CamCan_Ping_experiment_swinunetr3D_x3/best_weights_ep8.npz,$DATA_PATH/TractSeg/hcp_exp/HCP_CamCan_Ping_experiment_swinunetr3D_x4/best_weights_ep7.npz,-,commented,commented,commented,TractSeg/scripts/cortex/inference/run_main_CamCan_all_models_inference.pbs:154 || TractSeg/scripts/cortex/inference/run_main_CamCan_all_models_inference_probs.pbs:154,TractSeg/scripts/cortex/inference/run_main_CamCan_all_models_inference.pbs:156 || TractSeg/scripts/cortex/inference/run_main_CamCan_all_models_inference_probs.pbs:156,TractSeg/scripts/cortex/inference/run_main_CamCan_all_models_inference.pbs:158 || TractSeg/scripts/cortex/inference/run_main_CamCan_all_models_inference_probs.pbs:158
HCP_CamCan_PING_to_HCP,HCP_CamCan_PING,HCP,MASAM3D,$DATA_PATH/TractSeg/hcp_exp/HCP_CamCan_Ping_experiment_MASAM3D_x8/best_weights_ep29.npz,$DATA_PATH/TractSeg/hcp_exp/HCP_CamCan_Ping_experiment_MASAM3D_x9/best_weights_ep25.npz,$DATA_PATH/TractSeg/hcp_exp/HCP_CamCan_Ping_experiment_MASAM3D_x10/best_weights_ep20.npz,-,commented,commented,commented,TractSeg/scripts/cortex/inference/run_main_wholehcp_all_models_inference.pbs:98,TractSeg/scripts/cortex/inference/run_main_wholehcp_all_models_inference.pbs:100,TractSeg/scripts/cortex/inference/run_main_wholehcp_all_models_inference.pbs:102
HCP_CamCan_PING_to_HCP,HCP_CamCan_PING,HCP,TractSeg,$DATA_PATH/TractSeg/hcp_exp/HCP_CamCan_Ping_experiment_TractSeg_x2/best_weights_ep22.npz,$DATA_PATH/TractSeg/hcp_exp/HCP_CamCan_Ping_experiment_TractSeg_x3/best_weights_ep25.npz,$DATA_PATH/TractSeg/hcp_exp/HCP_CamCan_Ping_experiment_TractSeg_x4/best_weights_ep26.npz,-,commented,commented,commented,TractSeg/scripts/cortex/inference/run_main_wholehcp_all_models_inference.pbs:64,TractSeg/scripts/cortex/inference/run_main_wholehcp_all_models_inference.pbs:66,TractSeg/scripts/cortex/inference/run_main_wholehcp_all_models_inference.pbs:68
HCP_CamCan_PING_to_HCP,HCP_CamCan_PING,HCP,TractSeg3D,$DATA_PATH/TractSeg/hcp_exp/HCP_CamCan_Ping_experiment_TractSeg3D_x3/best_weights_ep7.npz,$DATA_PATH/TractSeg/hcp_exp/HCP_CamCan_Ping_experiment_TractSeg3D_x4/best_weights_ep8.npz,$DATA_PATH/TractSeg/hcp_exp/HCP_CamCan_Ping_experiment_TractSeg3D_x5/best_weights_ep7.npz,-,commented,commented,commented,TractSeg/scripts/cortex/inference/run_main_wholehcp_all_models_inference.pbs:73,TractSeg/scripts/cortex/inference/run_main_wholehcp_all_models_inference.pbs:75,TractSeg/scripts/cortex/inference/run_main_wholehcp_all_models_inference.pbs:77
HCP_CamCan_PING_to_HCP,HCP_CamCan_PING,HCP,mednext3D,$DATA_PATH/TractSeg/hcp_exp/HCP_CamCan_Ping_experiment_mednext3D/best_weights_ep18.npz,$DATA_PATH/TractSeg/hcp_exp/HCP_CamCan_Ping_experiment_mednext3D_x1/best_weights_ep16.npz,$DATA_PATH/TractSeg/hcp_exp/HCP_CamCan_Ping_experiment_mednext3D_x2/best_weights_ep14.npz,-,commented,commented,commented,TractSeg/scripts/cortex/inference/run_main_wholehcp_all_models_inference.pbs:106,TractSeg/scripts/cortex/inference/run_main_wholehcp_all_models_inference.pbs:108,TractSeg/scripts/cortex/inference/run_main_wholehcp_all_models_inference.pbs:111
HCP_CamCan_PING_to_HCP,HCP_CamCan_PING,HCP,swinunetr,$DATA_PATH/TractSeg/hcp_exp/HCP_CamCan_Ping_experiment_swinunetr_x4/best_weights_ep27.npz,$DATA_PATH/TractSeg/hcp_exp/HCP_CamCan_Ping_experiment_swinunetr_x5/best_weights_ep25.npz,$DATA_PATH/TractSeg/hcp_exp/HCP_CamCan_Ping_experiment_swinunetr_x6/best_weights_ep33.npz,-,commented,commented,commented,TractSeg/scripts/cortex/inference/run_main_wholehcp_all_models_inference.pbs:81,TractSeg/scripts/cortex/inference/run_main_wholehcp_all_models_inference.pbs:83,TractSeg/scripts/cortex/inference/run_main_wholehcp_all_models_inference.pbs:85
HCP_CamCan_PING_to_HCP,HCP_CamCan_PING,HCP,swinunetr3D,$DATA_PATH/TractSeg/hcp_exp/HCP_CamCan_Ping_experiment_swinunetr3D_x2/best_weights_ep7.npz,$DATA_PATH/TractSeg/hcp_exp/HCP_CamCan_Ping_experiment_swinunetr3D_x3/best_weights_ep8.npz,$DATA_PATH/TractSeg/hcp_exp/HCP_CamCan_Ping_experiment_swinunetr3D_x4/best_weights_ep7.npz,-,commented,active,active,TractSeg/scripts/cortex/inference/run_main_wholehcp_all_models_inference.pbs:90,TractSeg/scripts/cortex/inference/run_main_wholehcp_all_models_inference.pbs:92,TractSeg/scripts/cortex/inference/run_main_wholehcp_all_models_inference.pbs:94
HCP_CamCan_PING_to_PING,HCP_CamCan_PING,PING,MASAM3D,$DATA_PATH/TractSeg/hcp_exp/HCP_CamCan_Ping_experiment_MASAM3D_x8/best_weights_ep29.npz,$DATA_PATH/TractSeg/hcp_exp/HCP_CamCan_Ping_experiment_MASAM3D_x9/best_weights_ep25.npz,$DATA_PATH/TractSeg/hcp_exp/HCP_CamCan_Ping_experiment_MASAM3D_x10/best_weights_ep20.npz,-,commented,commented,commented,TractSeg/scripts/cortex/inference/run_main_Ping_all_models_inference.pbs:101 || TractSeg/scripts/cortex/inference/run_main_Ping_all_models_inference_peak_orig.pbs:101,TractSeg/scripts/cortex/inference/run_main_Ping_all_models_inference.pbs:103 || TractSeg/scripts/cortex/inference/run_main_Ping_all_models_inference_peak_orig.pbs:103,TractSeg/scripts/cortex/inference/run_main_Ping_all_models_inference.pbs:105 || TractSeg/scripts/cortex/inference/run_main_Ping_all_models_inference_peak_orig.pbs:105
HCP_CamCan_PING_to_PING,HCP_CamCan_PING,PING,TractSeg,$DATA_PATH/TractSeg/hcp_exp/HCP_CamCan_Ping_experiment_TractSeg_x2/best_weights_ep22.npz,$DATA_PATH/TractSeg/hcp_exp/HCP_CamCan_Ping_experiment_TractSeg_x3/best_weights_ep25.npz,$DATA_PATH/TractSeg/hcp_exp/HCP_CamCan_Ping_experiment_TractSeg_x4/best_weights_ep26.npz,-,commented,commented,commented,TractSeg/scripts/cortex/inference/run_main_Ping_all_models_inference.pbs:69 || TractSeg/scripts/cortex/inference/run_main_Ping_all_models_inference_peak_orig.pbs:69,TractSeg/scripts/cortex/inference/run_main_Ping_all_models_inference.pbs:71 || TractSeg/scripts/cortex/inference/run_main_Ping_all_models_inference_peak_orig.pbs:71,TractSeg/scripts/cortex/inference/run_main_Ping_all_models_inference.pbs:73 || TractSeg/scripts/cortex/inference/run_main_Ping_all_models_inference_peak_orig.pbs:73
HCP_CamCan_PING_to_PING,HCP_CamCan_PING,PING,TractSeg3D,$DATA_PATH/TractSeg/hcp_exp/HCP_CamCan_Ping_experiment_TractSeg3D_x3/best_weights_ep7.npz,$DATA_PATH/TractSeg/hcp_exp/HCP_CamCan_Ping_experiment_TractSeg3D_x4/best_weights_ep8.npz,$DATA_PATH/TractSeg/hcp_exp/HCP_CamCan_Ping_experiment_TractSeg3D_x5/best_weights_ep7.npz,-,commented,commented,commented,TractSeg/scripts/cortex/inference/run_main_Ping_all_models_inference.pbs:77 || TractSeg/scripts/cortex/inference/run_main_Ping_all_models_inference_peak_orig.pbs:77,TractSeg/scripts/cortex/inference/run_main_Ping_all_models_inference.pbs:79 || TractSeg/scripts/cortex/inference/run_main_Ping_all_models_inference_peak_orig.pbs:79,TractSeg/scripts/cortex/inference/run_main_Ping_all_models_inference.pbs:81 || TractSeg/scripts/cortex/inference/run_main_Ping_all_models_inference_peak_orig.pbs:81
HCP_CamCan_PING_to_PING,HCP_CamCan_PING,PING,mednext3D,$DATA_PATH/TractSeg/hcp_exp/HCP_CamCan_Ping_experiment_mednext3D/best_weights_ep18.npz,$DATA_PATH/TractSeg/hcp_exp/HCP_CamCan_Ping_experiment_mednext3D_x1/best_weights_ep16.npz,$DATA_PATH/TractSeg/hcp_exp/HCP_CamCan_Ping_experiment_mednext3D_x2/best_weights_ep14.npz,-,commented,commented,commented,TractSeg/scripts/cortex/inference/run_main_Ping_all_models_inference.pbs:109 || TractSeg/scripts/cortex/inference/run_main_Ping_all_models_inference_peak_orig.pbs:109,TractSeg/scripts/cortex/inference/run_main_Ping_all_models_inference.pbs:111 || TractSeg/scripts/cortex/inference/run_main_Ping_all_models_inference_peak_orig.pbs:111,TractSeg/scripts/cortex/inference/run_main_Ping_all_models_inference.pbs:113 || TractSeg/scripts/cortex/inference/run_main_Ping_all_models_inference_peak_orig.pbs:113
HCP_CamCan_PING_to_PING,HCP_CamCan_PING,PING,swinunetr,$DATA_PATH/TractSeg/hcp_exp/HCP_CamCan_Ping_experiment_swinunetr_x4/best_weights_ep27.npz,$DATA_PATH/TractSeg/hcp_exp/HCP_CamCan_Ping_experiment_swinunetr_x5/best_weights_ep25.npz,$DATA_PATH/TractSeg/hcp_exp/HCP_CamCan_Ping_experiment_swinunetr_x6/best_weights_ep33.npz,-,commented,commented,commented,TractSeg/scripts/cortex/inference/run_main_Ping_all_models_inference.pbs:85 || TractSeg/scripts/cortex/inference/run_main_Ping_all_models_inference_peak_orig.pbs:85,TractSeg/scripts/cortex/inference/run_main_Ping_all_models_inference.pbs:87 || TractSeg/scripts/cortex/inference/run_main_Ping_all_models_inference_peak_orig.pbs:87,TractSeg/scripts/cortex/inference/run_main_Ping_all_models_inference.pbs:89 || TractSeg/scripts/cortex/inference/run_main_Ping_all_models_inference_peak_orig.pbs:89
HCP_CamCan_PING_to_PING,HCP_CamCan_PING,PING,swinunetr3D,$DATA_PATH/TractSeg/hcp_exp/HCP_CamCan_Ping_experiment_swinunetr3D_x2/best_weights_ep7.npz,$DATA_PATH/TractSeg/hcp_exp/HCP_CamCan_Ping_experiment_swinunetr3D_x3/best_weights_ep8.npz,$DATA_PATH/TractSeg/hcp_exp/HCP_CamCan_Ping_experiment_swinunetr3D_x4/best_weights_ep7.npz,-,commented,commented,commented,TractSeg/scripts/cortex/inference/run_main_Ping_all_models_inference.pbs:93 || TractSeg/scripts/cortex/inference/run_main_Ping_all_models_inference_peak_orig.pbs:93,TractSeg/scripts/cortex/inference/run_main_Ping_all_models_inference.pbs:95 || TractSeg/scripts/cortex/inference/run_main_Ping_all_models_inference_peak_orig.pbs:95,TractSeg/scripts/cortex/inference/run_main_Ping_all_models_inference.pbs:97 || TractSeg/scripts/cortex/inference/run_main_Ping_all_models_inference_peak_orig.pbs:97
HCP_CamCan_to_PING,HCP_CamCan,PING,MASAM3D,$DATA_PATH/TractSeg/hcp_exp/HCP_CamCan_experiment_MASAM3D/best_weights_ep19.npz,$DATA_PATH/TractSeg/hcp_exp/HCP_CamCan_experiment_MASAM3D_x1/best_weights_ep14.npz,$DATA_PATH/TractSeg/hcp_exp/HCP_CamCan_experiment_MASAM3D_x2/best_weights_ep20.npz,-,commented,commented,commented,TractSeg/scripts/cortex/inference/run_main_Ping_all_models_inference.pbs:274 || TractSeg/scripts/cortex/inference/run_main_Ping_all_models_inference_peak_orig.pbs:274,TractSeg/scripts/cortex/inference/run_main_Ping_all_models_inference.pbs:276 || TractSeg/scripts/cortex/inference/run_main_Ping_all_models_inference_peak_orig.pbs:276,TractSeg/scripts/cortex/inference/run_main_Ping_all_models_inference.pbs:278 || TractSeg/scripts/cortex/inference/run_main_Ping_all_models_inference_peak_orig.pbs:278
HCP_CamCan_to_PING,HCP_CamCan,PING,TractSeg,$DATA_PATH/TractSeg/hcp_exp/HCP_CamCan_experiment_TractSeg_x6/best_weights_ep45.npz,$DATA_PATH/TractSeg/hcp_exp/HCP_CamCan_experiment_TractSeg_x7/best_weights_ep32.npz,$DATA_PATH/TractSeg/hcp_exp/HCP_CamCan_experiment_TractSeg_x8/best_weights_ep45.npz,-,commented,commented,commented,TractSeg/scripts/cortex/inference/run_main_Ping_all_models_inference.pbs:234 || TractSeg/scripts/cortex/inference/run_main_Ping_all_models_inference_peak_orig.pbs:234,TractSeg/scripts/cortex/inference/run_main_Ping_all_models_inference.pbs:237 || TractSeg/scripts/cortex/inference/run_main_Ping_all_models_inference_peak_orig.pbs:237,TractSeg/scripts/cortex/inference/run_main_Ping_all_models_inference.pbs:240 || TractSeg/scripts/cortex/inference/run_main_Ping_all_models_inference_peak_orig.pbs:240
HCP_CamCan_to_PING,HCP_CamCan,PING,TractSeg3D,$DATA_PATH/TractSeg/hcp_exp/HCP_CamCan_experiment_TractSeg3D_x9/best_weights_ep9.npz,$DATA_PATH/TractSeg/hcp_exp/HCP_CamCan_experiment_TractSeg3D_x10/best_weights_ep5.npz,$DATA_PATH/TractSeg/hcp_exp/HCP_CamCan_experiment_TractSeg3D_x11/best_weights_ep6.npz,-,commented,commented,commented,TractSeg/scripts/cortex/inference/run_main_Ping_all_models_inference.pbs:244 || TractSeg/scripts/cortex/inference/run_main_Ping_all_models_inference_peak_orig.pbs:244,TractSeg/scripts/cortex/inference/run_main_Ping_all_models_inference.pbs:247 || TractSeg/scripts/cortex/inference/run_main_Ping_all_models_inference_peak_orig.pbs:247,TractSeg/scripts/cortex/inference/run_main_Ping_all_models_inference.pbs:251 || TractSeg/scripts/cortex/inference/run_main_Ping_all_models_inference_peak_orig.pbs:251
HCP_CamCan_to_PING,HCP_CamCan,PING,mednext3D,$DATA_PATH/TractSeg/hcp_exp/HCP_CamCan_experiment_mednext3D/best_weights_ep11.npz,$DATA_PATH/TractSeg/hcp_exp/HCP_CamCan_experiment_mednext3D_x1/best_weights_ep11.npz,$DATA_PATH/TractSeg/hcp_exp/HCP_CamCan_experiment_mednext3D_x2/best_weights_ep14.npz,-,commented,commented,commented,TractSeg/scripts/cortex/inference/run_main_Ping_all_models_inference.pbs:282 || TractSeg/scripts/cortex/inference/run_main_Ping_all_models_inference_peak_orig.pbs:282,TractSeg/scripts/cortex/inference/run_main_Ping_all_models_inference.pbs:285 || TractSeg/scripts/cortex/inference/run_main_Ping_all_models_inference_peak_orig.pbs:285,TractSeg/scripts/cortex/inference/run_main_Ping_all_models_inference.pbs:288 || TractSeg/scripts/cortex/inference/run_main_Ping_all_models_inference_peak_orig.pbs:288
HCP_CamCan_to_PING,HCP_CamCan,PING,swinunetr,$DATA_PATH/TractSeg/hcp_exp/HCP_CamCan_experiment_swinunetr_x6/best_weights_ep38.npz,$DATA_PATH/TractSeg/hcp_exp/HCP_CamCan_experiment_swinunetr_x7/best_weights_ep32.npz,$DATA_PATH/TractSeg/hcp_exp/HCP_CamCan_experiment_swinunetr_x8/best_weights_ep26.npz,-,commented,commented,commented,TractSeg/scripts/cortex/inference/run_main_Ping_all_models_inference.pbs:255 || TractSeg/scripts/cortex/inference/run_main_Ping_all_models_inference_peak_orig.pbs:255,TractSeg/scripts/cortex/inference/run_main_Ping_all_models_inference.pbs:258 || TractSeg/scripts/cortex/inference/run_main_Ping_all_models_inference_peak_orig.pbs:258,TractSeg/scripts/cortex/inference/run_main_Ping_all_models_inference.pbs:261 || TractSeg/scripts/cortex/inference/run_main_Ping_all_models_inference_peak_orig.pbs:261
HCP_CamCan_to_PING,HCP_CamCan,PING,swinunetr3D,$DATA_PATH/TractSeg/hcp_exp/HCP_CamCan_experiment_swinunetr3D_x3/best_weights_ep3.npz,$DATA_PATH/TractSeg/hcp_exp/HCP_CamCan_experiment_swinunetr3D_x4/best_weights_ep5.npz,$DATA_PATH/TractSeg/hcp_exp/HCP_CamCan_experiment_swinunetr3D_x5/best_weights_ep5.npz,-,commented,commented,commented,TractSeg/scripts/cortex/inference/run_main_Ping_all_models_inference.pbs:265 || TractSeg/scripts/cortex/inference/run_main_Ping_all_models_inference_peak_orig.pbs:265,TractSeg/scripts/cortex/inference/run_main_Ping_all_models_inference.pbs:268 || TractSeg/scripts/cortex/inference/run_main_Ping_all_models_inference_peak_orig.pbs:268,TractSeg/scripts/cortex/inference/run_main_Ping_all_models_inference.pbs:271 || TractSeg/scripts/cortex/inference/run_main_Ping_all_models_inference_peak_orig.pbs:271
HCP_PING_to_CamCan,HCP_PING,CamCan,MASAM3D,$DATA_PATH/TractSeg/hcp_exp/HCP_Ping_experiment_MASAM3D/best_weights_ep36.npz,$DATA_PATH/TractSeg/hcp_exp/HCP_Ping_experiment_MASAM3D_x1/best_weights_ep23.npz,$DATA_PATH/TractSeg/hcp_exp/HCP_Ping_experiment_MASAM3D_x2/best_weights_ep28.npz,-,commented,commented,commented,TractSeg/scripts/cortex/inference/run_main_CamCan_all_models_inference.pbs:213 || TractSeg/scripts/cortex/inference/run_main_CamCan_all_models_inference_probs.pbs:213,TractSeg/scripts/cortex/inference/run_main_CamCan_all_models_inference.pbs:215 || TractSeg/scripts/cortex/inference/run_main_CamCan_all_models_inference_probs.pbs:215,TractSeg/scripts/cortex/inference/run_main_CamCan_all_models_inference.pbs:217 || TractSeg/scripts/cortex/inference/run_main_CamCan_all_models_inference_probs.pbs:217
HCP_PING_to_CamCan,HCP_PING,CamCan,TractSeg,$DATA_PATH/TractSeg/hcp_exp/HCP_Ping_experiment_TractSeg/best_weights_ep37.npz,$DATA_PATH/TractSeg/hcp_exp/HCP_Ping_experiment_TractSeg_x1/best_weights_ep48.npz,$DATA_PATH/TractSeg/hcp_exp/HCP_Ping_experiment_TractSeg_x2/best_weights_ep42.npz,-,commented,commented,commented,TractSeg/scripts/cortex/inference/run_main_CamCan_all_models_inference.pbs:42 || TractSeg/scripts/cortex/inference/run_main_CamCan_all_models_inference_probs.pbs:43,TractSeg/scripts/cortex/inference/run_main_CamCan_all_models_inference.pbs:44 || TractSeg/scripts/cortex/inference/run_main_CamCan_all_models_inference_probs.pbs:45,TractSeg/scripts/cortex/inference/run_main_CamCan_all_models_inference.pbs:46 || TractSeg/scripts/cortex/inference/run_main_CamCan_all_models_inference_probs.pbs:47
HCP_PING_to_CamCan,HCP_PING,CamCan,TractSeg3D,$DATA_PATH/TractSeg/hcp_exp/HCP_Ping_experiment_TractSeg3D/best_weights_ep9.npz,$DATA_PATH/TractSeg/hcp_exp/HCP_Ping_experiment_TractSeg3D_x1/best_weights_ep12.npz,$DATA_PATH/TractSeg/hcp_exp/HCP_Ping_experiment_TractSeg3D_x2/best_weights_ep11.npz,-,commented,commented,commented,TractSeg/scripts/cortex/inference/run_main_CamCan_all_models_inference.pbs:84 || TractSeg/scripts/cortex/inference/run_main_CamCan_all_models_inference_probs.pbs:85,TractSeg/scripts/cortex/inference/run_main_CamCan_all_models_inference.pbs:86 || TractSeg/scripts/cortex/inference/run_main_CamCan_all_models_inference_probs.pbs:87,TractSeg/scripts/cortex/inference/run_main_CamCan_all_models_inference.pbs:88 || TractSeg/scripts/cortex/inference/run_main_CamCan_all_models_inference_probs.pbs:89
HCP_PING_to_CamCan,HCP_PING,CamCan,mednext3D,$DATA_PATH/TractSeg/hcp_exp/HCP_Ping_experiment_mednext3D/best_weights_ep21.npz,$DATA_PATH/TractSeg/hcp_exp/HCP_Ping_experiment_mednext3D_x1/best_weights_ep21.npz,$DATA_PATH/TractSeg/hcp_exp/HCP_Ping_experiment_mednext3D_x2/best_weights_ep20.npz,-,commented,commented,commented,TractSeg/scripts/cortex/inference/run_main_CamCan_all_models_inference.pbs:254 || TractSeg/scripts/cortex/inference/run_main_CamCan_all_models_inference_probs.pbs:254,TractSeg/scripts/cortex/inference/run_main_CamCan_all_models_inference.pbs:257 || TractSeg/scripts/cortex/inference/run_main_CamCan_all_models_inference_probs.pbs:257,TractSeg/scripts/cortex/inference/run_main_CamCan_all_models_inference.pbs:260 || TractSeg/scripts/cortex/inference/run_main_CamCan_all_models_inference_probs.pbs:260
HCP_PING_to_CamCan,HCP_PING,CamCan,swinunetr,$DATA_PATH/TractSeg/hcp_exp/HCP_Ping_experiment_swinunetr/best_weights_ep22.npz,$DATA_PATH/TractSeg/hcp_exp/HCP_Ping_experiment_swinunetr_x1/best_weights_ep23.npz,$DATA_PATH/TractSeg/hcp_exp/HCP_Ping_experiment_swinunetr_x2/best_weights_ep18.npz,-,commented,commented,commented,TractSeg/scripts/cortex/inference/run_main_CamCan_all_models_inference.pbs:126 || TractSeg/scripts/cortex/inference/run_main_CamCan_all_models_inference_probs.pbs:126,TractSeg/scripts/cortex/inference/run_main_CamCan_all_models_inference.pbs:129 || TractSeg/scripts/cortex/inference/run_main_CamCan_all_models_inference_probs.pbs:129,TractSeg/scripts/cortex/inference/run_main_CamCan_all_models_inference.pbs:132 || TractSeg/scripts/cortex/inference/run_main_CamCan_all_models_inference_probs.pbs:132
HCP_PING_to_CamCan,HCP_PING,CamCan,swinunetr3D,$DATA_PATH/TractSeg/hcp_exp/HCP_Ping_experiment_swinunetr3D/best_weights_ep8.npz,$DATA_PATH/TractSeg/hcp_exp/HCP_Ping_experiment_swinunetr3D_x1/best_weights_ep8.npz,$DATA_PATH/TractSeg/hcp_exp/HCP_Ping_experiment_swinunetr3D_x7/best_weights_ep8.npz,-,commented,commented,commented,TractSeg/scripts/cortex/inference/run_main_CamCan_all_models_inference.pbs:171 || TractSeg/scripts/cortex/inference/run_main_CamCan_all_models_inference_probs.pbs:171,TractSeg/scripts/cortex/inference/run_main_CamCan_all_models_inference.pbs:174 || TractSeg/scripts/cortex/inference/run_main_CamCan_all_models_inference_probs.pbs:174,TractSeg/scripts/cortex/inference/run_main_CamCan_all_models_inference.pbs:176 || TractSeg/scripts/cortex/inference/run_main_CamCan_all_models_inference_probs.pbs:176
HCP_to_CamCan,HCP,CamCan,MASAM3D,$DATA_PATH/TractSeg/hcp_exp/run_with_wholeHCP_MASAM3D_x22/best_weights_ep28.npz,$DATA_PATH/TractSeg/hcp_exp/run_with_wholeHCP_MASAM3D_x1/best_weights_ep27.npz,$DATA_PATH/TractSeg/hcp_exp/run_with_wholeHCP_MASAM3D_x23/best_weights_ep37.npz,-,commented,commented,commented,TractSeg/scripts/cortex/inference/run_main_CamCan_all_models_inference.pbs:205 || TractSeg/scripts/cortex/inference/run_main_CamCan_all_models_inference_probs.pbs:205,TractSeg/scripts/cortex/inference/run_main_CamCan_all_models_inference.pbs:207 || TractSeg/scripts/cortex/inference/run_main_CamCan_all_models_inference_probs.pbs:207,TractSeg/scripts/cortex/inference/run_main_CamCan_all_models_inference.pbs:209 || TractSeg/scripts/cortex/inference/run_main_CamCan_all_models_inference_probs.pbs:209
HCP_to_CamCan,HCP,CamCan,TractSeg,$DATA_PATH/TractSeg/hcp_exp/wholeHCP_experiment_TractSeg_x14/best_weights_ep73.npz,$DATA_PATH/TractSeg/hcp_exp/wholeHCP_experiment_TractSeg_x1/best_weights_ep68.npz,$DATA_PATH/TractSeg/hcp_exp/wholeHCP_experiment_TractSeg_x15/best_weights_ep52.npz,-,commented,commented,commented,TractSeg/scripts/cortex/inference/run_main_CamCan_all_models_inference.pbs:31 || TractSeg/scripts/cortex/inference/run_main_CamCan_all_models_inference_probs.pbs:32,TractSeg/scripts/cortex/inference/run_main_CamCan_all_models_inference.pbs:34 || TractSeg/scripts/cortex/inference/run_main_CamCan_all_models_inference_probs.pbs:35,TractSeg/scripts/cortex/inference/run_main_CamCan_all_models_inference.pbs:37 || TractSeg/scripts/cortex/inference/run_main_CamCan_all_models_inference_probs.pbs:38
HCP_to_CamCan,HCP,CamCan,TractSeg3D,$DATA_PATH/TractSeg/hcp_exp/wholeHCP_experiment_TractSeg3D_x14/best_weights_ep17.npz,$DATA_PATH/TractSeg/hcp_exp/wholeHCP_experiment_TractSeg3D_x1/best_weights_ep13.npz,$DATA_PATH/TractSeg/hcp_exp/wholeHCP_experiment_TractSeg3D_x15/best_weights_ep19.npz,-,commented,commented,commented,TractSeg/scripts/cortex/inference/run_main_CamCan_all_models_inference.pbs:75 || TractSeg/scripts/cortex/inference/run_main_CamCan_all_models_inference_probs.pbs:76,TractSeg/scripts/cortex/inference/run_main_CamCan_all_models_inference.pbs:77 || TractSeg/scripts/cortex/inference/run_main_CamCan_all_models_inference_probs.pbs:78,TractSeg/scripts/cortex/inference/run_main_CamCan_all_models_inference.pbs:79 || TractSeg/scripts/cortex/inference/run_main_CamCan_all_models_inference_probs.pbs:80
HCP_to_CamCan,HCP,CamCan,mednext3D,$DATA_PATH/TractSeg/hcp_exp/wholeHCP_experiment_mednext3D_x20/best_weights_ep17.npz,$DATA_PATH/TractSeg/hcp_exp/wholeHCP_experiment_mednext3D_x21/best_weights_ep18.npz,$DATA_PATH/TractSeg/hcp_exp/wholeHCP_experiment_mednext3D_x22/best_weights_ep19.npz,-,commented,commented,commented,TractSeg/scripts/cortex/inference/run_main_CamCan_all_models_inference.pbs:245 || TractSeg/scripts/cortex/inference/run_main_CamCan_all_models_inference_probs.pbs:245,TractSeg/scripts/cortex/inference/run_main_CamCan_all_models_inference.pbs:247 || TractSeg/scripts/cortex/inference/run_main_CamCan_all_models_inference_probs.pbs:247,TractSeg/scripts/cortex/inference/run_main_CamCan_all_models_inference.pbs:249 || TractSeg/scripts/cortex/inference/run_main_CamCan_all_models_inference_probs.pbs:249
HCP_to_CamCan,HCP,CamCan,swinunetr,$DATA_PATH/TractSeg/hcp_exp/run_with_wholeHCP_swinunetr_x11/best_weights_ep67.npz,$DATA_PATH/TractSeg/hcp_exp/run_with_wholeHCP_swinunetr_x12/best_weights_ep28.npz,$DATA_PATH/TractSeg/hcp_exp/run_with_wholeHCP_swinunetr_x13/best_weights_ep22.npz,-,commented,commented,commented,TractSeg/scripts/cortex/inference/run_main_CamCan_all_models_inference.pbs:118 || TractSeg/scripts/cortex/inference/run_main_CamCan_all_models_inference_probs.pbs:118,TractSeg/scripts/cortex/inference/run_main_CamCan_all_models_inference.pbs:120 || TractSeg/scripts/cortex/inference/run_main_CamCan_all_models_inference_probs.pbs:120,TractSeg/scripts/cortex/inference/run_main_CamCan_all_models_inference.pbs:122 || TractSeg/scripts/cortex/inference/run_main_CamCan_all_models_inference_probs.pbs:122
HCP_to_CamCan,HCP,CamCan,swinunetr3D,$DATA_PATH/TractSeg/hcp_exp/run_with_wholeHCP_swinunetr3D_x12/best_weights_ep26.npz,$DATA_PATH/TractSeg/hcp_exp/run_with_wholeHCP_swinunetr3D_x80/best_weights_ep6.npz,$DATA_PATH/TractSeg/hcp_exp/run_with_wholeHCP_swinunetr3D_x81/best_weights_ep6.npz,-,commented,commented,commented,TractSeg/scripts/cortex/inference/run_main_CamCan_all_models_inference.pbs:162 || TractSeg/scripts/cortex/inference/run_main_CamCan_all_models_inference_probs.pbs:162,TractSeg/scripts/cortex/inference/run_main_CamCan_all_models_inference.pbs:165 || TractSeg/scripts/cortex/inference/run_main_CamCan_all_models_inference_probs.pbs:165,TractSeg/scripts/cortex/inference/run_main_CamCan_all_models_inference.pbs:167 || TractSeg/scripts/cortex/inference/run_main_CamCan_all_models_inference_probs.pbs:167
HCP_to_HCP,HCP,HCP,MASAM3D,$DATA_PATH/TractSeg/hcp_exp/run_with_wholeHCP_MASAM3D_x22/best_weights_ep28.npz,$DATA_PATH/TractSeg/hcp_exp/run_with_wholeHCP_MASAM3D_x1/best_weights_ep27.npz,$DATA_PATH/TractSeg/hcp_exp/run_with_wholeHCP_MASAM3D_x23/best_weights_ep37.npz,-,commented,commented,commented,TractSeg/scripts/cortex/inference/run_main_wholehcp_all_models_inference.pbs:46,TractSeg/scripts/cortex/inference/run_main_wholehcp_all_models_inference.pbs:48,TractSeg/scripts/cortex/inference/run_main_wholehcp_all_models_inference.pbs:50
HCP_to_HCP,HCP,HCP,TractSeg,$DATA_PATH/TractSeg/hcp_exp/wholeHCP_experiment_TractSeg_x14/best_weights_ep73.npz,$DATA_PATH/TractSeg/hcp_exp/wholeHCP_experiment_TractSeg_x1/best_weights_ep68.npz,$DATA_PATH/TractSeg/hcp_exp/wholeHCP_experiment_TractSeg_x15/best_weights_ep52.npz,-,commented,commented,commented,TractSeg/scripts/cortex/inference/run_main_wholehcp_all_models_inference.pbs:12,TractSeg/scripts/cortex/inference/run_main_wholehcp_all_models_inference.pbs:14,TractSeg/scripts/cortex/inference/run_main_wholehcp_all_models_inference.pbs:16
HCP_to_HCP,HCP,HCP,TractSeg3D,$DATA_PATH/TractSeg/hcp_exp/wholeHCP_experiment_TractSeg3D_x14/best_weights_ep17.npz,$DATA_PATH/TractSeg/hcp_exp/wholeHCP_experiment_TractSeg3D_x1/best_weights_ep13.npz,$DATA_PATH/TractSeg/hcp_exp/wholeHCP_experiment_TractSeg3D_x15/best_weights_ep19.npz,-,commented,commented,commented,TractSeg/scripts/cortex/inference/run_main_wholehcp_all_models_inference.pbs:21,TractSeg/scripts/cortex/inference/run_main_wholehcp_all_models_inference.pbs:23,TractSeg/scripts/cortex/inference/run_main_wholehcp_all_models_inference.pbs:25
HCP_to_HCP,HCP,HCP,mednext3D,$DATA_PATH/TractSeg/hcp_exp/wholeHCP_experiment_mednext3D_x20/best_weights_ep17.npz,$DATA_PATH/TractSeg/hcp_exp/wholeHCP_experiment_mednext3D_x21/best_weights_ep18.npz,$DATA_PATH/TractSeg/hcp_exp/wholeHCP_experiment_mednext3D_x22/best_weights_ep19.npz,-,commented,commented,commented,TractSeg/scripts/cortex/inference/run_main_wholehcp_all_models_inference.pbs:54,TractSeg/scripts/cortex/inference/run_main_wholehcp_all_models_inference.pbs:56,TractSeg/scripts/cortex/inference/run_main_wholehcp_all_models_inference.pbs:58
HCP_to_HCP,HCP,HCP,swinunetr,$DATA_PATH/TractSeg/hcp_exp/run_with_wholeHCP_swinunetr_x11/best_weights_ep67.npz,$DATA_PATH/TractSeg/hcp_exp/run_with_wholeHCP_swinunetr_x12/best_weights_ep28.npz,$DATA_PATH/TractSeg/hcp_exp/run_with_wholeHCP_swinunetr_x13/best_weights_ep22.npz,-,commented,commented,commented,TractSeg/scripts/cortex/inference/run_main_wholehcp_all_models_inference.pbs:29,TractSeg/scripts/cortex/inference/run_main_wholehcp_all_models_inference.pbs:31,TractSeg/scripts/cortex/inference/run_main_wholehcp_all_models_inference.pbs:33
HCP_to_HCP,HCP,HCP,swinunetr3D,$DATA_PATH/TractSeg/hcp_exp/run_with_wholeHCP_swinunetr3D_x12/best_weights_ep26.npz,$DATA_PATH/TractSeg/hcp_exp/run_with_wholeHCP_swinunetr3D_x80/best_weights_ep6.npz,$DATA_PATH/TractSeg/hcp_exp/run_with_wholeHCP_swinunetr3D_x81/best_weights_ep6.npz,-,commented,commented,commented,TractSeg/scripts/cortex/inference/run_main_wholehcp_all_models_inference.pbs:38,TractSeg/scripts/cortex/inference/run_main_wholehcp_all_models_inference.pbs:40,TractSeg/scripts/cortex/inference/run_main_wholehcp_all_models_inference.pbs:42
HCP_to_PING,HCP,PING,MASAM3D,$DATA_PATH/TractSeg/hcp_exp/run_with_wholeHCP_MASAM3D_x22/best_weights_ep28.npz,$DATA_PATH/TractSeg/hcp_exp/run_with_wholeHCP_MASAM3D_x1/best_weights_ep27.npz,$DATA_PATH/TractSeg/hcp_exp/run_with_wholeHCP_MASAM3D_x23/best_weights_ep37.npz,-,commented,commented,commented,TractSeg/scripts/cortex/inference/run_main_Ping_all_models_inference.pbs:158 || TractSeg/scripts/cortex/inference/run_main_Ping_all_models_inference_peak_orig.pbs:158,TractSeg/scripts/cortex/inference/run_main_Ping_all_models_inference.pbs:160 || TractSeg/scripts/cortex/inference/run_main_Ping_all_models_inference_peak_orig.pbs:160,TractSeg/scripts/cortex/inference/run_main_Ping_all_models_inference.pbs:162 || TractSeg/scripts/cortex/inference/run_main_Ping_all_models_inference_peak_orig.pbs:162
HCP_to_PING,HCP,PING,TractSeg,$DATA_PATH/TractSeg/hcp_exp/wholeHCP_experiment_TractSeg_x14/best_weights_ep73.npz,$DATA_PATH/TractSeg/hcp_exp/wholeHCP_experiment_TractSeg_x1/best_weights_ep68.npz,$DATA_PATH/TractSeg/hcp_exp/wholeHCP_experiment_TractSeg_x14/best_weights_ep73.npz,-,commented,commented,commented,TractSeg/scripts/cortex/inference/run_main_Ping_all_models_inference.pbs:118 || TractSeg/scripts/cortex/inference/run_main_Ping_all_models_inference_peak_orig.pbs:118,TractSeg/scripts/cortex/inference/run_main_Ping_all_models_inference.pbs:121 || TractSeg/scripts/cortex/inference/run_main_Ping_all_models_inference_peak_orig.pbs:121,TractSeg/scripts/cortex/inference/run_main_Ping_all_models_inference.pbs:124 || TractSeg/scripts/cortex/inference/run_main_Ping_all_models_inference_peak_orig.pbs:124
HCP_to_PING,HCP,PING,TractSeg3D,$DATA_PATH/TractSeg/hcp_exp/wholeHCP_experiment_TractSeg3D_x14/best_weights_ep17.npz,$DATA_PATH/TractSeg/hcp_exp/wholeHCP_experiment_TractSeg3D_x1/best_weights_ep13.npz,$DATA_PATH/TractSeg/hcp_exp/wholeHCP_experiment_TractSeg3D_x14/best_weights_ep17.npz,-,commented,commented,commented,TractSeg/scripts/cortex/inference/run_main_Ping_all_models_inference.pbs:128 || TractSeg/scripts/cortex/inference/run_main_Ping_all_models_inference_peak_orig.pbs:128,TractSeg/scripts/cortex/inference/run_main_Ping_all_models_inference.pbs:131 || TractSeg/scripts/cortex/inference/run_main_Ping_all_models_inference_peak_orig.pbs:131,TractSeg/scripts/cortex/inference/run_main_Ping_all_models_inference.pbs:134 || TractSeg/scripts/cortex/inference/run_main_Ping_all_models_inference_peak_orig.pbs:134
HCP_to_PING,HCP,PING,mednext3D,$DATA_PATH/TractSeg/hcp_exp/wholeHCP_experiment_mednext3D_x20/best_weights_ep17.npz,$DATA_PATH/TractSeg/hcp_exp/wholeHCP_experiment_mednext3D_x21/best_weights_ep18.npz,$DATA_PATH/TractSeg/hcp_exp/wholeHCP_experiment_mednext3D_x22/best_weights_ep19.npz,-,commented,commented,commented,TractSeg/scripts/cortex/inference/run_main_Ping_all_models_inference.pbs:166 || TractSeg/scripts/cortex/inference/run_main_Ping_all_models_inference_peak_orig.pbs:166,TractSeg/scripts/cortex/inference/run_main_Ping_all_models_inference.pbs:169 || TractSeg/scripts/cortex/inference/run_main_Ping_all_models_inference_peak_orig.pbs:169,TractSeg/scripts/cortex/inference/run_main_Ping_all_models_inference.pbs:172 || TractSeg/scripts/cortex/inference/run_main_Ping_all_models_inference_peak_orig.pbs:172
HCP_to_PING,HCP,PING,swinunetr,$DATA_PATH/TractSeg/hcp_exp/run_with_wholeHCP_swinunetr_x11/best_weights_ep67.npz,$DATA_PATH/TractSeg/hcp_exp/run_with_wholeHCP_swinunetr_x12/best_weights_ep28.npz,$DATA_PATH/TractSeg/hcp_exp/run_with_wholeHCP_swinunetr_x13/best_weights_ep22.npz,-,commented,commented,commented,TractSeg/scripts/cortex/inference/run_main_Ping_all_models_inference.pbs:138 || TractSeg/scripts/cortex/inference/run_main_Ping_all_models_inference_peak_orig.pbs:138,TractSeg/scripts/cortex/inference/run_main_Ping_all_models_inference.pbs:141 || TractSeg/scripts/cortex/inference/run_main_Ping_all_models_inference_peak_orig.pbs:141,TractSeg/scripts/cortex/inference/run_main_Ping_all_models_inference.pbs:144 || TractSeg/scripts/cortex/inference/run_main_Ping_all_models_inference_peak_orig.pbs:144
HCP_to_PING,HCP,PING,swinunetr3D,$DATA_PATH/TractSeg/hcp_exp/run_with_wholeHCP_swinunetr3D_x12/best_weights_ep26.npz,$DATA_PATH/TractSeg/hcp_exp/run_with_wholeHCP_swinunetr3D_x80/best_weights_ep6.npz,$DATA_PATH/TractSeg/hcp_exp/run_with_wholeHCP_swinunetr3D_x81/best_weights_ep6.npz,-,commented,commented,commented,TractSeg/scripts/cortex/inference/run_main_Ping_all_models_inference.pbs:148 || TractSeg/scripts/cortex/inference/run_main_Ping_all_models_inference_peak_orig.pbs:148,TractSeg/scripts/cortex/inference/run_main_Ping_all_models_inference.pbs:151 || TractSeg/scripts/cortex/inference/run_main_Ping_all_models_inference_peak_orig.pbs:151,TractSeg/scripts/cortex/inference/run_main_Ping_all_models_inference.pbs:154 || TractSeg/scripts/cortex/inference/run_main_Ping_all_models_inference_peak_orig.pbs:154
PING_to_CamCan,PING,CamCan,MASAM3D,$DATA_PATH/TractSeg/hcp_exp/Ping_experiment_MASAM3D/best_weights_ep38.npz,$DATA_PATH/TractSeg/hcp_exp/Ping_experiment_MASAM3D_x1/best_weights_ep113.npz,$DATA_PATH/TractSeg/hcp_exp/Ping_experiment_MASAM3D_x2/best_weights_ep131.npz,-,commented || active,commented || active,commented || active,TractSeg/scripts/cortex/inference/run_main_CamCan_all_models_inference.pbs:221 || TractSeg/scripts/cortex/inference/run_main_CamCan_all_models_inference_probs.pbs:221 || TractSeg/scripts/cortex/run_inference_CamCan_and_wholehcp_from_PING.sh:80,TractSeg/scripts/cortex/inference/run_main_CamCan_all_models_inference.pbs:223 || TractSeg/scripts/cortex/inference/run_main_CamCan_all_models_inference_probs.pbs:223 || TractSeg/scripts/cortex/run_inference_CamCan_and_wholehcp_from_PING.sh:85,TractSeg/scripts/cortex/inference/run_main_CamCan_all_models_inference.pbs:225 || TractSeg/scripts/cortex/inference/run_main_CamCan_all_models_inference_probs.pbs:225 || TractSeg/scripts/cortex/run_inference_CamCan_and_wholehcp_from_PING.sh:90
PING_to_CamCan,PING,CamCan,TractSeg,$DATA_PATH/TractSeg/hcp_exp/Ping_experiment_TractSeg_x9/best_weights_ep105.npz,$DATA_PATH/TractSeg/hcp_exp/Ping_experiment_TractSeg_x10/best_weights_ep105.npz,$DATA_PATH/TractSeg/hcp_exp/Ping_experiment_TractSeg_x12/best_weights_ep193.npz,-,commented || active,commented || active,commented || active,TractSeg/scripts/cortex/inference/run_main_CamCan_all_models_inference.pbs:50 || TractSeg/scripts/cortex/inference/run_main_CamCan_all_models_inference_probs.pbs:51 || TractSeg/scripts/cortex/run_inference_CamCan_and_wholehcp_from_PING.sh:16,TractSeg/scripts/cortex/inference/run_main_CamCan_all_models_inference.pbs:52 || TractSeg/scripts/cortex/inference/run_main_CamCan_all_models_inference_probs.pbs:53 || TractSeg/scripts/cortex/run_inference_CamCan_and_wholehcp_from_PING.sh:21,TractSeg/scripts/cortex/inference/run_main_CamCan_all_models_inference.pbs:54 || TractSeg/scripts/cortex/inference/run_main_CamCan_all_models_inference_probs.pbs:55 || TractSeg/scripts/cortex/run_inference_CamCan_and_wholehcp_from_PING.sh:26
PING_to_CamCan,PING,CamCan,TractSeg3D,$DATA_PATH/TractSeg/hcp_exp/Ping_experiment_TractSeg3D_x1/best_weights_ep51.npz,$DATA_PATH/TractSeg/hcp_exp/Ping_experiment_TractSeg3D_x2/best_weights_ep53.npz,$DATA_PATH/TractSeg/hcp_exp/Ping_experiment_TractSeg3D_x3/best_weights_ep35.npz,-,commented || active,commented || active,commented || active,TractSeg/scripts/cortex/inference/run_main_CamCan_all_models_inference.pbs:92 || TractSeg/scripts/cortex/inference/run_main_CamCan_all_models_inference_probs.pbs:93 || TractSeg/scripts/cortex/run_inference_CamCan_and_wholehcp_from_PING.sh:32,TractSeg/scripts/cortex/inference/run_main_CamCan_all_models_inference.pbs:94 || TractSeg/scripts/cortex/inference/run_main_CamCan_all_models_inference_probs.pbs:95 || TractSeg/scripts/cortex/run_inference_CamCan_and_wholehcp_from_PING.sh:37,TractSeg/scripts/cortex/inference/run_main_CamCan_all_models_inference.pbs:96 || TractSeg/scripts/cortex/inference/run_main_CamCan_all_models_inference_probs.pbs:97 || TractSeg/scripts/cortex/run_inference_CamCan_and_wholehcp_from_PING.sh:42
PING_to_CamCan,PING,CamCan,mednext3D,$DATA_PATH/TractSeg/hcp_exp/run_with_Ping_mednext3D/best_weights_ep74.npz,$DATA_PATH/TractSeg/hcp_exp/run_with_Ping_mednext3D_x1/best_weights_ep40.npz,$DATA_PATH/TractSeg/hcp_exp/run_with_Ping_mednext3D_x2/best_weights_ep62.npz,-,commented || active,commented || active,commented || active,TractSeg/scripts/cortex/inference/run_main_CamCan_all_models_inference.pbs:264 || TractSeg/scripts/cortex/inference/run_main_CamCan_all_models_inference_probs.pbs:264 || TractSeg/scripts/cortex/run_inference_CamCan_and_wholehcp_from_PING.sh:96,TractSeg/scripts/cortex/inference/run_main_CamCan_all_models_inference.pbs:266 || TractSeg/scripts/cortex/inference/run_main_CamCan_all_models_inference_probs.pbs:266 || TractSeg/scripts/cortex/run_inference_CamCan_and_wholehcp_from_PING.sh:101,TractSeg/scripts/cortex/inference/run_main_CamCan_all_models_inference.pbs:268 || TractSeg/scripts/cortex/inference/run_main_CamCan_all_models_inference_probs.pbs:268 || TractSeg/scripts/cortex/run_inference_CamCan_and_wholehcp_from_PING.sh:106
PING_to_CamCan,PING,CamCan,swinunetr,$DATA_PATH/TractSeg/hcp_exp/run_with_Ping_swinunetr_x17/best_weights_ep174.npz,$DATA_PATH/TractSeg/hcp_exp/run_with_Ping_swinunetr_x18/best_weights_ep104.npz,$DATA_PATH/TractSeg/hcp_exp/run_with_Ping_swinunetr_x19/best_weights_ep111.npz,-,commented || active,commented || active,commented || active,TractSeg/scripts/cortex/inference/run_main_CamCan_all_models_inference.pbs:136 || TractSeg/scripts/cortex/inference/run_main_CamCan_all_models_inference_probs.pbs:136 || TractSeg/scripts/cortex/run_inference_CamCan_and_wholehcp_from_PING.sh:48,TractSeg/scripts/cortex/inference/run_main_CamCan_all_models_inference.pbs:138 || TractSeg/scripts/cortex/inference/run_main_CamCan_all_models_inference_probs.pbs:138 || TractSeg/scripts/cortex/run_inference_CamCan_and_wholehcp_from_PING.sh:53,TractSeg/scripts/cortex/inference/run_main_CamCan_all_models_inference.pbs:140 || TractSeg/scripts/cortex/inference/run_main_CamCan_all_models_inference_probs.pbs:140 || TractSeg/scripts/cortex/run_inference_CamCan_and_wholehcp_from_PING.sh:58
PING_to_CamCan,PING,CamCan,swinunetr3D,$DATA_PATH/TractSeg/hcp_exp/run_with_Ping_swinunetr3D_x7/best_weights_ep36.npz,$DATA_PATH/TractSeg/hcp_exp/run_with_Ping_swinunetr3D_x8/best_weights_ep33.npz,$DATA_PATH/TractSeg/hcp_exp/run_with_Ping_swinunetr3D_x9/best_weights_ep29.npz,-,commented || active,commented || active,commented || active,TractSeg/scripts/cortex/inference/run_main_CamCan_all_models_inference.pbs:180 || TractSeg/scripts/cortex/inference/run_main_CamCan_all_models_inference_probs.pbs:180 || TractSeg/scripts/cortex/run_inference_CamCan_and_wholehcp_from_PING.sh:64,TractSeg/scripts/cortex/inference/run_main_CamCan_all_models_inference.pbs:182 || TractSeg/scripts/cortex/inference/run_main_CamCan_all_models_inference_probs.pbs:182 || TractSeg/scripts/cortex/run_inference_CamCan_and_wholehcp_from_PING.sh:69,TractSeg/scripts/cortex/inference/run_main_CamCan_all_models_inference.pbs:184 || TractSeg/scripts/cortex/inference/run_main_CamCan_all_models_inference_probs.pbs:184 || TractSeg/scripts/cortex/run_inference_CamCan_and_wholehcp_from_PING.sh:74
PING_to_HCP,PING,HCP,MASAM3D,$DATA_PATH/TractSeg/hcp_exp/Ping_experiment_MASAM3D/best_weights_ep38.npz,$DATA_PATH/TractSeg/hcp_exp/Ping_experiment_MASAM3D_x1/best_weights_ep113.npz,$DATA_PATH/TractSeg/hcp_exp/Ping_experiment_MASAM3D_x2/best_weights_ep131.npz,-,commented || active,commented || active,commented || active,TractSeg/scripts/cortex/inference/run_main_wholehcp_all_models_inference.pbs:150 || TractSeg/scripts/cortex/run_inference_CamCan_and_wholehcp_from_PING.sh:78,TractSeg/scripts/cortex/inference/run_main_wholehcp_all_models_inference.pbs:152 || TractSeg/scripts/cortex/run_inference_CamCan_and_wholehcp_from_PING.sh:83,TractSeg/scripts/cortex/inference/run_main_wholehcp_all_models_inference.pbs:154 || TractSeg/scripts/cortex/run_inference_CamCan_and_wholehcp_from_PING.sh:88
PING_to_HCP,PING,HCP,TractSeg,$DATA_PATH/TractSeg/hcp_exp/Ping_experiment_TractSeg_x9/best_weights_ep105.npz,$DATA_PATH/TractSeg/hcp_exp/Ping_experiment_TractSeg_x10/best_weights_ep105.npz,$DATA_PATH/TractSeg/hcp_exp/Ping_experiment_TractSeg_x12/best_weights_ep193.npz,-,commented || active,commented || active,commented || active,TractSeg/scripts/cortex/inference/run_main_wholehcp_all_models_inference.pbs:118 || TractSeg/scripts/cortex/run_inference_CamCan_and_wholehcp_from_PING.sh:14,TractSeg/scripts/cortex/inference/run_main_wholehcp_all_models_inference.pbs:120 || TractSeg/scripts/cortex/run_inference_CamCan_and_wholehcp_from_PING.sh:19,TractSeg/scripts/cortex/inference/run_main_wholehcp_all_models_inference.pbs:123 || TractSeg/scripts/cortex/run_inference_CamCan_and_wholehcp_from_PING.sh:24
PING_to_HCP,PING,HCP,TractSeg3D,$DATA_PATH/TractSeg/hcp_exp/Ping_experiment_TractSeg3D_x1/best_weights_ep51.npz,$DATA_PATH/TractSeg/hcp_exp/Ping_experiment_TractSeg3D_x2/best_weights_ep53.npz,$DATA_PATH/TractSeg/hcp_exp/Ping_experiment_TractSeg3D_x3/best_weights_ep35.npz,-,commented || active,commented || active,commented || active,TractSeg/scripts/cortex/inference/run_main_wholehcp_all_models_inference.pbs:127 || TractSeg/scripts/cortex/run_inference_CamCan_and_wholehcp_from_PING.sh:30,TractSeg/scripts/cortex/inference/run_main_wholehcp_all_models_inference.pbs:129 || TractSeg/scripts/cortex/run_inference_CamCan_and_wholehcp_from_PING.sh:35,TractSeg/scripts/cortex/inference/run_main_wholehcp_all_models_inference.pbs:131 || TractSeg/scripts/cortex/run_inference_CamCan_and_wholehcp_from_PING.sh:40
PING_to_HCP,PING,HCP,mednext3D,$DATA_PATH/TractSeg/hcp_exp/run_with_Ping_mednext3D/best_weights_ep74.npz,$DATA_PATH/TractSeg/hcp_exp/run_with_Ping_mednext3D_x1/best_weights_ep40.npz,$DATA_PATH/TractSeg/hcp_exp/run_with_Ping_mednext3D_x2/best_weights_ep62.npz,-,commented || active,commented || active,commented || active,TractSeg/scripts/cortex/inference/run_main_wholehcp_all_models_inference.pbs:158 || TractSeg/scripts/cortex/run_inference_CamCan_and_wholehcp_from_PING.sh:94,TractSeg/scripts/cortex/inference/run_main_wholehcp_all_models_inference.pbs:160 || TractSeg/scripts/cortex/run_inference_CamCan_and_wholehcp_from_PING.sh:99,TractSeg/scripts/cortex/inference/run_main_wholehcp_all_models_inference.pbs:162 || TractSeg/scripts/cortex/run_inference_CamCan_and_wholehcp_from_PING.sh:104
PING_to_HCP,PING,HCP,swinunetr,$DATA_PATH/TractSeg/hcp_exp/run_with_Ping_swinunetr_x17/best_weights_ep174.npz,$DATA_PATH/TractSeg/hcp_exp/run_with_Ping_swinunetr_x18/best_weights_ep104.npz,$DATA_PATH/TractSeg/hcp_exp/run_with_Ping_swinunetr_x19/best_weights_ep111.npz,-,commented || active,commented || active,commented || active,TractSeg/scripts/cortex/inference/run_main_wholehcp_all_models_inference.pbs:134 || TractSeg/scripts/cortex/run_inference_CamCan_and_wholehcp_from_PING.sh:46,TractSeg/scripts/cortex/inference/run_main_wholehcp_all_models_inference.pbs:136 || TractSeg/scripts/cortex/run_inference_CamCan_and_wholehcp_from_PING.sh:51,TractSeg/scripts/cortex/inference/run_main_wholehcp_all_models_inference.pbs:138 || TractSeg/scripts/cortex/run_inference_CamCan_and_wholehcp_from_PING.sh:56
PING_to_HCP,PING,HCP,swinunetr3D,$DATA_PATH/TractSeg/hcp_exp/run_with_Ping_swinunetr3D_x7/best_weights_ep36.npz,$DATA_PATH/TractSeg/hcp_exp/run_with_Ping_swinunetr3D_x8/best_weights_ep33.npz,$DATA_PATH/TractSeg/hcp_exp/run_with_Ping_swinunetr3D_x9/best_weights_ep29.npz,-,commented || active,commented || active,commented || active,TractSeg/scripts/cortex/inference/run_main_wholehcp_all_models_inference.pbs:142 || TractSeg/scripts/cortex/run_inference_CamCan_and_wholehcp_from_PING.sh:62,TractSeg/scripts/cortex/inference/run_main_wholehcp_all_models_inference.pbs:144 || TractSeg/scripts/cortex/run_inference_CamCan_and_wholehcp_from_PING.sh:67,TractSeg/scripts/cortex/inference/run_main_wholehcp_all_models_inference.pbs:146 || TractSeg/scripts/cortex/run_inference_CamCan_and_wholehcp_from_PING.sh:72
PING_to_PING,PING,PING,MASAM3D,$DATA_PATH/TractSeg/hcp_exp/Ping_experiment_MASAM3D/best_weights_ep38.npz,$DATA_PATH/TractSeg/hcp_exp/Ping_experiment_MASAM3D_x1/best_weights_ep113.npz,$DATA_PATH/TractSeg/hcp_exp/Ping_experiment_MASAM3D_x2/best_weights_ep131.npz,-,commented,commented,commented,TractSeg/scripts/cortex/inference/run_main_Ping_all_models_inference.pbs:48 || TractSeg/scripts/cortex/inference/run_main_Ping_all_models_inference_peak_orig.pbs:48,TractSeg/scripts/cortex/inference/run_main_Ping_all_models_inference.pbs:50 || TractSeg/scripts/cortex/inference/run_main_Ping_all_models_inference_peak_orig.pbs:50,TractSeg/scripts/cortex/inference/run_main_Ping_all_models_inference.pbs:52 || TractSeg/scripts/cortex/inference/run_main_Ping_all_models_inference_peak_orig.pbs:52
PING_to_PING,PING,PING,TractSeg,$DATA_PATH/TractSeg/hcp_exp/Ping_experiment_TractSeg_x9/best_weights_ep105.npz,$DATA_PATH/TractSeg/hcp_exp/Ping_experiment_TractSeg_x10/best_weights_ep105.npz,$DATA_PATH/TractSeg/hcp_exp/Ping_experiment_TractSeg_x12/best_weights_ep193.npz,-,commented,commented,commented,TractSeg/scripts/cortex/inference/run_main_Ping_all_models_inference.pbs:12 || TractSeg/scripts/cortex/inference/run_main_Ping_all_models_inference_peak_orig.pbs:12,TractSeg/scripts/cortex/inference/run_main_Ping_all_models_inference.pbs:14 || TractSeg/scripts/cortex/inference/run_main_Ping_all_models_inference_peak_orig.pbs:14,TractSeg/scripts/cortex/inference/run_main_Ping_all_models_inference.pbs:16 || TractSeg/scripts/cortex/inference/run_main_Ping_all_models_inference_peak_orig.pbs:16
PING_to_PING,PING,PING,TractSeg3D,$DATA_PATH/TractSeg/hcp_exp/Ping_experiment_TractSeg3D_x1/best_weights_ep51.npz,$DATA_PATH/TractSeg/hcp_exp/Ping_experiment_TractSeg3D_x2/best_weights_ep53.npz,$DATA_PATH/TractSeg/hcp_exp/Ping_experiment_TractSeg3D_x3/best_weights_ep35.npz,-,commented,commented,commented,TractSeg/scripts/cortex/inference/run_main_Ping_all_models_inference.pbs:20 || TractSeg/scripts/cortex/inference/run_main_Ping_all_models_inference_peak_orig.pbs:20,TractSeg/scripts/cortex/inference/run_main_Ping_all_models_inference.pbs:22 || TractSeg/scripts/cortex/inference/run_main_Ping_all_models_inference_peak_orig.pbs:22,TractSeg/scripts/cortex/inference/run_main_Ping_all_models_inference.pbs:24 || TractSeg/scripts/cortex/inference/run_main_Ping_all_models_inference_peak_orig.pbs:24
PING_to_PING,PING,PING,mednext3D,$DATA_PATH/TractSeg/hcp_exp/run_with_Ping_mednext3D/best_weights_ep74.npz,$DATA_PATH/TractSeg/hcp_exp/run_with_Ping_mednext3D_x1/best_weights_ep40.npz,$DATA_PATH/TractSeg/hcp_exp/run_with_Ping_mednext3D_x2/best_weights_ep62.npz,-,commented,commented,commented,TractSeg/scripts/cortex/inference/run_main_Ping_all_models_inference.pbs:56 || TractSeg/scripts/cortex/inference/run_main_Ping_all_models_inference_peak_orig.pbs:56,TractSeg/scripts/cortex/inference/run_main_Ping_all_models_inference.pbs:59 || TractSeg/scripts/cortex/inference/run_main_Ping_all_models_inference_peak_orig.pbs:59,TractSeg/scripts/cortex/inference/run_main_Ping_all_models_inference.pbs:62 || TractSeg/scripts/cortex/inference/run_main_Ping_all_models_inference_peak_orig.pbs:62
PING_to_PING,PING,PING,swinunetr,$DATA_PATH/TractSeg/hcp_exp/run_with_Ping_swinunetr_x17/best_weights_ep174.npz,$DATA_PATH/TractSeg/hcp_exp/run_with_Ping_swinunetr_x18/best_weights_ep104.npz,$DATA_PATH/TractSeg/hcp_exp/run_with_Ping_swinunetr_x19/best_weights_ep111.npz,-,commented,commented,commented,TractSeg/scripts/cortex/inference/run_main_Ping_all_models_inference.pbs:28 || TractSeg/scripts/cortex/inference/run_main_Ping_all_models_inference_peak_orig.pbs:28,TractSeg/scripts/cortex/inference/run_main_Ping_all_models_inference.pbs:31 || TractSeg/scripts/cortex/inference/run_main_Ping_all_models_inference_peak_orig.pbs:31,TractSeg/scripts/cortex/inference/run_main_Ping_all_models_inference.pbs:34 || TractSeg/scripts/cortex/inference/run_main_Ping_all_models_inference_peak_orig.pbs:34
PING_to_PING,PING,PING,swinunetr3D,$DATA_PATH/TractSeg/hcp_exp/run_with_Ping_swinunetr3D_x7/best_weights_ep36.npz,$DATA_PATH/TractSeg/hcp_exp/run_with_Ping_swinunetr3D_x8/best_weights_ep33.npz,$DATA_PATH/TractSeg/hcp_exp/run_with_Ping_swinunetr3D_x9/best_weights_ep29.npz,-,commented,commented,commented,TractSeg/scripts/cortex/inference/run_main_Ping_all_models_inference.pbs:38 || TractSeg/scripts/cortex/inference/run_main_Ping_all_models_inference_peak_orig.pbs:38,TractSeg/scripts/cortex/inference/run_main_Ping_all_models_inference.pbs:41 || TractSeg/scripts/cortex/inference/run_main_Ping_all_models_inference_peak_orig.pbs:41,TractSeg/scripts/cortex/inference/run_main_Ping_all_models_inference.pbs:44 || TractSeg/scripts/cortex/inference/run_main_Ping_all_models_inference_peak_orig.pbs:44
